[
    {"status": 1,"agentId": 1, "phone": "111222", "email": "jason@gmail.com", "customer": "jason", "createTime": ""},
    {"status": 2,"agentId": 2, "phone": "111222", "email": "jason@gmail.com", "customer": "jason", "createTime": ""},
    {"status": 3,"agentId": 3, "phone": "111222", "email": "jason@gmail.com", "customer": "jason", "createTime": ""},
    {"status": 4,"agentId": 4, "phone": "111222", "email": "jason@gmail.com", "customer": "jason", "createTime": ""},
    {"status": 5,"agentId": 1, "phone": "111222", "email": "jason@gmail.com", "customer": "jason", "createTime": ""},
    {"status": 6,"agentId": 2, "phone": "111222", "email": "jason@gmail.com", "customer": "jason", "createTime": ""},
    {"status": 7,"agentId": 2, "phone": "111222", "email": "jason@gmail.com", "customer": "jason", "createTime": ""},
    {"status": 1,"agentId": 1, "phone": "111222", "email": "jason@gmail.com", "customer": "jason", "createTime": ""}
]

