{"context":{"loaders":[{"path":"/Users/warp_drive/Documents/projects/asiainfo/veris-ued/taurus/node_modules/babel-loader/index.js"}],"external":{}},"mtimes":{"/Users/warp_drive/Documents/projects/asiainfo/veris-ued/taurus/src/examples/agentview-demo/index.js":{"mtime":1477558045000,"compiledPath":"/Users/warp_drive/Documents/projects/asiainfo/veris-ued/taurus/.happypack/s-1872946976","error":null},"/Users/warp_drive/Documents/projects/asiainfo/veris-ued/taurus/src/examples/autocomplete-demo/index.js":{"mtime":1480472819000,"compiledPath":"/Users/warp_drive/Documents/projects/asiainfo/veris-ued/taurus/.happypack/s-1768271418","error":null},"/Users/warp_drive/Documents/projects/asiainfo/veris-ued/taurus/src/examples/breadcrumbs-demo/index.js":{"mtime":1480472819000,"compiledPath":"/Users/warp_drive/Documents/projects/asiainfo/veris-ued/taurus/.happypack/s--393235002","error":null},"/Users/warp_drive/Documents/projects/asiainfo/veris-ued/taurus/src/examples/button-demo/index.js":{"mtime":1480472819000,"compiledPath":"/Users/warp_drive/Documents/projects/asiainfo/veris-ued/taurus/.happypack/s-1955892868","error":null},"/Users/warp_drive/Documents/projects/asiainfo/veris-ued/taurus/src/examples/cookie-helper-demo/index.js":{"mtime":1480472819000,"compiledPath":"/Users/warp_drive/Documents/projects/asiainfo/veris-ued/taurus/.happypack/s-430655341","error":null},"/Users/warp_drive/Documents/projects/asiainfo/veris-ued/taurus/src/examples/date-picker-demo/index.js":{"mtime":1480472819000,"compiledPath":"/Users/warp_drive/Documents/projects/asiainfo/veris-ued/taurus/.happypack/s-1383528899","error":null},"/Users/warp_drive/Documents/projects/asiainfo/veris-ued/taurus/src/examples/fine-upload-demo/index.js":{"mtime":1480472819000,"compiledPath":"/Users/warp_drive/Documents/projects/asiainfo/veris-ued/taurus/.happypack/s-1594717034","error":null},"/Users/warp_drive/Documents/projects/asiainfo/veris-ued/taurus/src/examples/i18n-demo/index.js":{"mtime":1480486304000,"compiledPath":"/Users/warp_drive/Documents/projects/asiainfo/veris-ued/taurus/.happypack/s-2138820592","error":null},"/Users/warp_drive/Documents/projects/asiainfo/veris-ued/taurus/src/examples/modal-demo/index.js":{"mtime":1480472819000,"compiledPath":"/Users/warp_drive/Documents/projects/asiainfo/veris-ued/taurus/.happypack/s-1830377059","error":null},"/Users/warp_drive/Documents/projects/asiainfo/veris-ued/taurus/src/examples/number-stepper-demo/index.js":{"mtime":1480472819000,"compiledPath":"/Users/warp_drive/Documents/projects/asiainfo/veris-ued/taurus/.happypack/s-1434040927","error":null},"/Users/warp_drive/Documents/projects/asiainfo/veris-ued/taurus/src/examples/range-slider-demo/index.js":{"mtime":1480472818000,"compiledPath":"/Users/warp_drive/Documents/projects/asiainfo/veris-ued/taurus/.happypack/s--1167157757","error":null},"/Users/warp_drive/Documents/projects/asiainfo/veris-ued/taurus/src/examples/scroll-to-demo/index.js":{"mtime":1480472819000,"compiledPath":"/Users/warp_drive/Documents/projects/asiainfo/veris-ued/taurus/.happypack/s-2118767537","error":null},"/Users/warp_drive/Documents/projects/asiainfo/veris-ued/taurus/src/examples/select-demo/index.js":{"mtime":1480472819000,"compiledPath":"/Users/warp_drive/Documents/projects/asiainfo/veris-ued/taurus/.happypack/s--1518816562","error":null},"/Users/warp_drive/Documents/projects/asiainfo/veris-ued/taurus/src/examples/simple-table-demo/index.js":{"mtime":1480472818000,"compiledPath":"/Users/warp_drive/Documents/projects/asiainfo/veris-ued/taurus/.happypack/s--659733755","error":null},"/Users/warp_drive/Documents/projects/asiainfo/veris-ued/taurus/src/examples/status-message/index.js":{"mtime":1480472819000,"compiledPath":"/Users/warp_drive/Documents/projects/asiainfo/veris-ued/taurus/.happypack/s--1612131494","error":null},"/Users/warp_drive/Documents/projects/asiainfo/veris-ued/taurus/src/examples/tabs-demo/index.js":{"mtime":1480472819000,"compiledPath":"/Users/warp_drive/Documents/projects/asiainfo/veris-ued/taurus/.happypack/s--724459184","error":null},"/Users/warp_drive/Documents/projects/asiainfo/veris-ued/taurus/src/examples/video-player-demo/index.js":{"mtime":1480472819000,"compiledPath":"/Users/warp_drive/Documents/projects/asiainfo/veris-ued/taurus/.happypack/s-2056744837","error":null},"/Users/warp_drive/Documents/projects/asiainfo/veris-ued/taurus/src/utils/taurus.js":{"mtime":1480491726000,"compiledPath":"/Users/warp_drive/Documents/projects/asiainfo/veris-ued/taurus/.happypack/s--1814442375","error":null},"/Users/warp_drive/Documents/projects/asiainfo/veris-ued/taurus/src/examples/amcharts-demo/index.js":{"mtime":1480472819000,"compiledPath":"/Users/warp_drive/Documents/projects/asiainfo/veris-ued/taurus/.happypack/s--12782317","error":null},"/Users/warp_drive/Documents/projects/asiainfo/veris-ued/taurus/src/examples/box-group-demo/index.js":{"mtime":1480484402000,"compiledPath":"/Users/warp_drive/Documents/projects/asiainfo/veris-ued/taurus/.happypack/s-292539059","error":null},"/Users/warp_drive/Documents/projects/asiainfo/veris-ued/taurus/src/examples/busi-component-demo/index.js":{"mtime":1480485278000,"compiledPath":"/Users/warp_drive/Documents/projects/asiainfo/veris-ued/taurus/.happypack/s--1455138005","error":null},"/Users/warp_drive/Documents/projects/asiainfo/veris-ued/taurus/src/examples/collapse-demo/index.js":{"mtime":1480472819000,"compiledPath":"/Users/warp_drive/Documents/projects/asiainfo/veris-ued/taurus/.happypack/s-334429247","error":null},"/Users/warp_drive/Documents/projects/asiainfo/veris-ued/taurus/src/plugins/scroll-to.js":{"mtime":1477558045000,"compiledPath":"/Users/warp_drive/Documents/projects/asiainfo/veris-ued/taurus/.happypack/s--248389021","error":null},"/Users/warp_drive/Documents/projects/asiainfo/veris-ued/taurus/src/examples/data-table-demo/index.js":{"mtime":1480472819000,"compiledPath":"/Users/warp_drive/Documents/projects/asiainfo/veris-ued/taurus/.happypack/s--1510920067","error":null},"/Users/warp_drive/Documents/projects/asiainfo/veris-ued/taurus/src/plugins/service.js":{"mtime":1479094774000,"compiledPath":"/Users/warp_drive/Documents/projects/asiainfo/veris-ued/taurus/.happypack/s-591913129","error":null},"/Users/warp_drive/Documents/projects/asiainfo/veris-ued/taurus/src/utils/local-storage.js":{"mtime":1477558045000,"compiledPath":"/Users/warp_drive/Documents/projects/asiainfo/veris-ued/taurus/.happypack/s--943199596","error":null},"/Users/warp_drive/Documents/projects/asiainfo/veris-ued/taurus/src/utils/constant.js":{"mtime":1478482607000,"compiledPath":"/Users/warp_drive/Documents/projects/asiainfo/veris-ued/taurus/.happypack/s--2023585603","error":null},"/Users/warp_drive/Documents/projects/asiainfo/veris-ued/taurus/src/examples/dropdown-demo/index.js":{"mtime":1480472819000,"compiledPath":"/Users/warp_drive/Documents/projects/asiainfo/veris-ued/taurus/.happypack/s-1507368355","error":null},"/Users/warp_drive/Documents/projects/asiainfo/veris-ued/taurus/src/examples/form-validation-demo/index.js":{"mtime":1480472819000,"compiledPath":"/Users/warp_drive/Documents/projects/asiainfo/veris-ued/taurus/.happypack/s--1372083816","error":null},"/Users/warp_drive/Documents/projects/asiainfo/veris-ued/taurus/src/examples/loading-demo/index.js":{"mtime":1480496539000,"compiledPath":"/Users/warp_drive/Documents/projects/asiainfo/veris-ued/taurus/.happypack/s--1099488718","error":null},"/Users/warp_drive/Documents/projects/asiainfo/veris-ued/taurus/src/examples/moment-demo/index.js":{"mtime":1478501972000,"compiledPath":"/Users/warp_drive/Documents/projects/asiainfo/veris-ued/taurus/.happypack/s--1238636334","error":null},"/Users/warp_drive/Documents/projects/asiainfo/veris-ued/taurus/src/examples/pager-demo/index.js":{"mtime":1480472819000,"compiledPath":"/Users/warp_drive/Documents/projects/asiainfo/veris-ued/taurus/.happypack/s--1450726151","error":null},"/Users/warp_drive/Documents/projects/asiainfo/veris-ued/taurus/src/examples/busi-component-demo/common/pub.js":{"mtime":1478857685000,"compiledPath":"/Users/warp_drive/Documents/projects/asiainfo/veris-ued/taurus/.happypack/s--186295560","error":null},"/Users/warp_drive/Documents/projects/asiainfo/veris-ued/taurus/src/examples/restful-service-demo/index.js":{"mtime":1480472818000,"compiledPath":"/Users/warp_drive/Documents/projects/asiainfo/veris-ued/taurus/.happypack/s--544655289","error":null},"/Users/warp_drive/Documents/projects/asiainfo/veris-ued/taurus/src/examples/search-filter-demo/index.js":{"mtime":1480472819000,"compiledPath":"/Users/warp_drive/Documents/projects/asiainfo/veris-ued/taurus/.happypack/s--971329293","error":null},"/Users/warp_drive/Documents/projects/asiainfo/veris-ued/taurus/src/examples/service-demo/index.js":{"mtime":1480472819000,"compiledPath":"/Users/warp_drive/Documents/projects/asiainfo/veris-ued/taurus/.happypack/s-535461867","error":null},"/Users/warp_drive/Documents/projects/asiainfo/veris-ued/taurus/src/examples/speech-bubble-demo/index.js":{"mtime":1480472819000,"compiledPath":"/Users/warp_drive/Documents/projects/asiainfo/veris-ued/taurus/.happypack/s-1707584525","error":null},"/Users/warp_drive/Documents/projects/asiainfo/veris-ued/taurus/src/examples/switcher-demo/index.js":{"mtime":1480472819000,"compiledPath":"/Users/warp_drive/Documents/projects/asiainfo/veris-ued/taurus/.happypack/s--713100173","error":null},"/Users/warp_drive/Documents/projects/asiainfo/veris-ued/taurus/src/examples/tooltips-demo/index.js":{"mtime":1480472818000,"compiledPath":"/Users/warp_drive/Documents/projects/asiainfo/veris-ued/taurus/.happypack/s-1630457890","error":null},"/Users/warp_drive/Documents/projects/asiainfo/veris-ued/taurus/src/utils/bus.js":{"mtime":1477558044000,"compiledPath":"/Users/warp_drive/Documents/projects/asiainfo/veris-ued/taurus/.happypack/s--1899381683","error":null},"/Users/warp_drive/Documents/projects/asiainfo/veris-ued/taurus/src/plugins/status-message.js":{"mtime":1478931122000,"compiledPath":"/Users/warp_drive/Documents/projects/asiainfo/veris-ued/taurus/.happypack/s--993911324","error":null},"/Users/warp_drive/Documents/projects/asiainfo/veris-ued/taurus/src/utils/cookie-helper.js":{"mtime":1477558045000,"compiledPath":"/Users/warp_drive/Documents/projects/asiainfo/veris-ued/taurus/.happypack/s-1243881654","error":null},"/Users/warp_drive/Documents/projects/asiainfo/veris-ued/taurus/src/utils/validators.js":{"mtime":1477558045000,"compiledPath":"/Users/warp_drive/Documents/projects/asiainfo/veris-ued/taurus/.happypack/s--1063942816","error":null},"/Users/warp_drive/Documents/projects/asiainfo/veris-ued/taurus/src/utils/taurus-config.js":{"mtime":1480472819000,"compiledPath":"/Users/warp_drive/Documents/projects/asiainfo/veris-ued/taurus/.happypack/s-785805094","error":null},"/Users/warp_drive/Documents/projects/asiainfo/veris-ued/taurus/src/components/amcharts/mixins.js":{"mtime":1477654738000,"compiledPath":"/Users/warp_drive/Documents/projects/asiainfo/veris-ued/taurus/.happypack/s-290407544","error":null},"/Users/warp_drive/Documents/projects/asiainfo/veris-ued/taurus/src/components/popup/_index.js":{"mtime":1477572478000,"compiledPath":"/Users/warp_drive/Documents/projects/asiainfo/veris-ued/taurus/.happypack/s-1810412128","error":null},"/Users/warp_drive/Documents/projects/asiainfo/veris-ued/taurus/src/utils/common.js":{"mtime":1477558045000,"compiledPath":"/Users/warp_drive/Documents/projects/asiainfo/veris-ued/taurus/.happypack/s--1181877354","error":null},"/Users/warp_drive/Documents/projects/asiainfo/veris-ued/taurus/src/examples/busi-component-demo/common/constant.js":{"mtime":1478857685000,"compiledPath":"/Users/warp_drive/Documents/projects/asiainfo/veris-ued/taurus/.happypack/s-800060789","error":null},"/Users/warp_drive/Documents/projects/asiainfo/veris-ued/taurus/src/examples/busi-component-demo/common/interface.js":{"mtime":1478857685000,"compiledPath":"/Users/warp_drive/Documents/projects/asiainfo/veris-ued/taurus/.happypack/s-524605628","error":null},"/Users/warp_drive/Documents/projects/asiainfo/veris-ued/taurus/src/examples/busi-component-demo/common/utils.js":{"mtime":1478857685000,"compiledPath":"/Users/warp_drive/Documents/projects/asiainfo/veris-ued/taurus/.happypack/s-853074244","error":null},"/Users/warp_drive/Documents/projects/asiainfo/veris-ued/taurus/src/components/popup/popup-manager.js":{"mtime":1477572478000,"compiledPath":"/Users/warp_drive/Documents/projects/asiainfo/veris-ued/taurus/.happypack/s-1806259791","error":null}}}