{"context":{"loaders":[{"path":"/Users/warp_drive/Documents/projects/asiainfo/veris-ued/taurus/node_modules/eslint-loader/index.js"}],"external":{}},"mtimes":{"/Users/warp_drive/Documents/projects/asiainfo/veris-ued/taurus/src/examples/agentview-demo/index.js":{"mtime":1477558045000,"compiledPath":"/Users/warp_drive/Documents/projects/asiainfo/veris-ued/taurus/.happypack/s-1872946976","error":null},"/Users/warp_drive/Documents/projects/asiainfo/veris-ued/taurus/src/examples/box-group-demo/index.js":{"mtime":1480484402000,"compiledPath":"/Users/warp_drive/Documents/projects/asiainfo/veris-ued/taurus/.happypack/s-292539059","error":null},"/Users/warp_drive/Documents/projects/asiainfo/veris-ued/taurus/src/examples/amcharts-demo/index.js":{"mtime":1480472819000,"compiledPath":"/Users/warp_drive/Documents/projects/asiainfo/veris-ued/taurus/.happypack/s--12782317","error":null},"/Users/warp_drive/Documents/projects/asiainfo/veris-ued/taurus/src/examples/breadcrumbs-demo/index.js":{"mtime":1480472819000,"compiledPath":"/Users/warp_drive/Documents/projects/asiainfo/veris-ued/taurus/.happypack/s--393235002","error":null},"/Users/warp_drive/Documents/projects/asiainfo/veris-ued/taurus/src/examples/button-demo/index.js":{"mtime":1480472819000,"compiledPath":"/Users/warp_drive/Documents/projects/asiainfo/veris-ued/taurus/.happypack/s-1955892868","error":null},"/Users/warp_drive/Documents/projects/asiainfo/veris-ued/taurus/src/utils/taurus.js":{"mtime":1480491726000,"compiledPath":"/Users/warp_drive/Documents/projects/asiainfo/veris-ued/taurus/.happypack/s--1814442375","error":null},"/Users/warp_drive/Documents/projects/asiainfo/veris-ued/taurus/src/examples/busi-component-demo/index.js":{"mtime":1480485278000,"compiledPath":"/Users/warp_drive/Documents/projects/asiainfo/veris-ued/taurus/.happypack/s--1455138005","error":null},"/Users/warp_drive/Documents/projects/asiainfo/veris-ued/taurus/src/examples/autocomplete-demo/index.js":{"mtime":1480472819000,"compiledPath":"/Users/warp_drive/Documents/projects/asiainfo/veris-ued/taurus/.happypack/s-1768271418","error":null},"/Users/warp_drive/Documents/projects/asiainfo/veris-ued/taurus/src/examples/cookie-helper-demo/index.js":{"mtime":1480472819000,"compiledPath":"/Users/warp_drive/Documents/projects/asiainfo/veris-ued/taurus/.happypack/s-430655341","error":null},"/Users/warp_drive/Documents/projects/asiainfo/veris-ued/taurus/src/examples/collapse-demo/index.js":{"mtime":1480472819000,"compiledPath":"/Users/warp_drive/Documents/projects/asiainfo/veris-ued/taurus/.happypack/s-334429247","error":null},"/Users/warp_drive/Documents/projects/asiainfo/veris-ued/taurus/src/examples/date-picker-demo/index.js":{"mtime":1480472819000,"compiledPath":"/Users/warp_drive/Documents/projects/asiainfo/veris-ued/taurus/.happypack/s-1383528899","error":null},"/Users/warp_drive/Documents/projects/asiainfo/veris-ued/taurus/src/examples/fine-upload-demo/index.js":{"mtime":1480472819000,"compiledPath":"/Users/warp_drive/Documents/projects/asiainfo/veris-ued/taurus/.happypack/s-1594717034","error":null},"/Users/warp_drive/Documents/projects/asiainfo/veris-ued/taurus/src/examples/form-validation-demo/index.js":{"mtime":1480472819000,"compiledPath":"/Users/warp_drive/Documents/projects/asiainfo/veris-ued/taurus/.happypack/s--1372083816","error":null},"/Users/warp_drive/Documents/projects/asiainfo/veris-ued/taurus/src/examples/data-table-demo/index.js":{"mtime":1480472819000,"compiledPath":"/Users/warp_drive/Documents/projects/asiainfo/veris-ued/taurus/.happypack/s--1510920067","error":null},"/Users/warp_drive/Documents/projects/asiainfo/veris-ued/taurus/src/examples/moment-demo/index.js":{"mtime":1478501972000,"compiledPath":"/Users/warp_drive/Documents/projects/asiainfo/veris-ued/taurus/.happypack/s--1238636334","error":null},"/Users/warp_drive/Documents/projects/asiainfo/veris-ued/taurus/src/examples/modal-demo/index.js":{"mtime":1480472819000,"compiledPath":"/Users/warp_drive/Documents/projects/asiainfo/veris-ued/taurus/.happypack/s-1830377059","error":null},"/Users/warp_drive/Documents/projects/asiainfo/veris-ued/taurus/src/examples/i18n-demo/index.js":{"mtime":1480486304000,"compiledPath":"/Users/warp_drive/Documents/projects/asiainfo/veris-ued/taurus/.happypack/s-2138820592","error":null},"/Users/warp_drive/Documents/projects/asiainfo/veris-ued/taurus/src/examples/dropdown-demo/index.js":{"mtime":1480472819000,"compiledPath":"/Users/warp_drive/Documents/projects/asiainfo/veris-ued/taurus/.happypack/s-1507368355","error":null},"/Users/warp_drive/Documents/projects/asiainfo/veris-ued/taurus/src/examples/number-stepper-demo/index.js":{"mtime":1480472819000,"compiledPath":"/Users/warp_drive/Documents/projects/asiainfo/veris-ued/taurus/.happypack/s-1434040927","error":null},"/Users/warp_drive/Documents/projects/asiainfo/veris-ued/taurus/src/examples/range-slider-demo/index.js":{"mtime":1480472818000,"compiledPath":"/Users/warp_drive/Documents/projects/asiainfo/veris-ued/taurus/.happypack/s--1167157757","error":null},"/Users/warp_drive/Documents/projects/asiainfo/veris-ued/taurus/src/examples/scroll-to-demo/index.js":{"mtime":1480472819000,"compiledPath":"/Users/warp_drive/Documents/projects/asiainfo/veris-ued/taurus/.happypack/s-2118767537","error":null},"/Users/warp_drive/Documents/projects/asiainfo/veris-ued/taurus/src/examples/restful-service-demo/index.js":{"mtime":1480472818000,"compiledPath":"/Users/warp_drive/Documents/projects/asiainfo/veris-ued/taurus/.happypack/s--544655289","error":null},"/Users/warp_drive/Documents/projects/asiainfo/veris-ued/taurus/src/examples/loading-demo/index.js":{"mtime":1480496539000,"compiledPath":"/Users/warp_drive/Documents/projects/asiainfo/veris-ued/taurus/.happypack/s--1099488718","error":null},"/Users/warp_drive/Documents/projects/asiainfo/veris-ued/taurus/src/examples/select-demo/index.js":{"mtime":1480472819000,"compiledPath":"/Users/warp_drive/Documents/projects/asiainfo/veris-ued/taurus/.happypack/s--1518816562","error":null},"/Users/warp_drive/Documents/projects/asiainfo/veris-ued/taurus/src/examples/pager-demo/index.js":{"mtime":1480472819000,"compiledPath":"/Users/warp_drive/Documents/projects/asiainfo/veris-ued/taurus/.happypack/s--1450726151","error":null},"/Users/warp_drive/Documents/projects/asiainfo/veris-ued/taurus/src/examples/speech-bubble-demo/index.js":{"mtime":1480472819000,"compiledPath":"/Users/warp_drive/Documents/projects/asiainfo/veris-ued/taurus/.happypack/s-1707584525","error":null},"/Users/warp_drive/Documents/projects/asiainfo/veris-ued/taurus/src/examples/simple-table-demo/index.js":{"mtime":1480472818000,"compiledPath":"/Users/warp_drive/Documents/projects/asiainfo/veris-ued/taurus/.happypack/s--659733755","error":null},"/Users/warp_drive/Documents/projects/asiainfo/veris-ued/taurus/src/examples/search-filter-demo/index.js":{"mtime":1480472819000,"compiledPath":"/Users/warp_drive/Documents/projects/asiainfo/veris-ued/taurus/.happypack/s--971329293","error":null},"/Users/warp_drive/Documents/projects/asiainfo/veris-ued/taurus/src/examples/status-message/index.js":{"mtime":1480472819000,"compiledPath":"/Users/warp_drive/Documents/projects/asiainfo/veris-ued/taurus/.happypack/s--1612131494","error":null},"/Users/warp_drive/Documents/projects/asiainfo/veris-ued/taurus/src/examples/switcher-demo/index.js":{"mtime":1480472819000,"compiledPath":"/Users/warp_drive/Documents/projects/asiainfo/veris-ued/taurus/.happypack/s--713100173","error":null},"/Users/warp_drive/Documents/projects/asiainfo/veris-ued/taurus/src/examples/video-player-demo/index.js":{"mtime":1480472819000,"compiledPath":"/Users/warp_drive/Documents/projects/asiainfo/veris-ued/taurus/.happypack/s-2056744837","error":null},"/Users/warp_drive/Documents/projects/asiainfo/veris-ued/taurus/src/examples/tabs-demo/index.js":{"mtime":1480472819000,"compiledPath":"/Users/warp_drive/Documents/projects/asiainfo/veris-ued/taurus/.happypack/s--724459184","error":null},"/Users/warp_drive/Documents/projects/asiainfo/veris-ued/taurus/src/examples/service-demo/index.js":{"mtime":1480472819000,"compiledPath":"/Users/warp_drive/Documents/projects/asiainfo/veris-ued/taurus/.happypack/s-535461867","error":null},"/Users/warp_drive/Documents/projects/asiainfo/veris-ued/taurus/src/examples/tooltips-demo/index.js":{"mtime":1480472818000,"compiledPath":"/Users/warp_drive/Documents/projects/asiainfo/veris-ued/taurus/.happypack/s-1630457890","error":null},"/Users/warp_drive/Documents/projects/asiainfo/veris-ued/taurus/src/examples/busi-component-demo/common/pub.js":{"mtime":1478857685000,"compiledPath":"/Users/warp_drive/Documents/projects/asiainfo/veris-ued/taurus/.happypack/s--186295560","error":null},"/Users/warp_drive/Documents/projects/asiainfo/veris-ued/taurus/src/plugins/status-message.js":{"mtime":1478931122000,"compiledPath":"/Users/warp_drive/Documents/projects/asiainfo/veris-ued/taurus/.happypack/s--993911324","error":null},"/Users/warp_drive/Documents/projects/asiainfo/veris-ued/taurus/src/utils/bus.js":{"mtime":1477558044000,"compiledPath":"/Users/warp_drive/Documents/projects/asiainfo/veris-ued/taurus/.happypack/s--1899381683","error":null},"/Users/warp_drive/Documents/projects/asiainfo/veris-ued/taurus/src/plugins/scroll-to.js":{"mtime":1477558045000,"compiledPath":"/Users/warp_drive/Documents/projects/asiainfo/veris-ued/taurus/.happypack/s--248389021","error":null},"/Users/warp_drive/Documents/projects/asiainfo/veris-ued/taurus/src/utils/cookie-helper.js":{"mtime":1477558045000,"compiledPath":"/Users/warp_drive/Documents/projects/asiainfo/veris-ued/taurus/.happypack/s-1243881654","error":null},"/Users/warp_drive/Documents/projects/asiainfo/veris-ued/taurus/src/utils/validators.js":{"mtime":1477558045000,"compiledPath":"/Users/warp_drive/Documents/projects/asiainfo/veris-ued/taurus/.happypack/s--1063942816","error":null},"/Users/warp_drive/Documents/projects/asiainfo/veris-ued/taurus/src/utils/taurus-config.js":{"mtime":1480472819000,"compiledPath":"/Users/warp_drive/Documents/projects/asiainfo/veris-ued/taurus/.happypack/s-785805094","error":null},"/Users/warp_drive/Documents/projects/asiainfo/veris-ued/taurus/src/plugins/service.js":{"mtime":1479094774000,"compiledPath":"/Users/warp_drive/Documents/projects/asiainfo/veris-ued/taurus/.happypack/s-591913129","error":null},"/Users/warp_drive/Documents/projects/asiainfo/veris-ued/taurus/src/utils/local-storage.js":{"mtime":1477558045000,"compiledPath":"/Users/warp_drive/Documents/projects/asiainfo/veris-ued/taurus/.happypack/s--943199596","error":null},"/Users/warp_drive/Documents/projects/asiainfo/veris-ued/taurus/src/utils/constant.js":{"mtime":1478482607000,"compiledPath":"/Users/warp_drive/Documents/projects/asiainfo/veris-ued/taurus/.happypack/s--2023585603","error":null},"/Users/warp_drive/Documents/projects/asiainfo/veris-ued/taurus/src/utils/common.js":{"mtime":1477558045000,"compiledPath":"/Users/warp_drive/Documents/projects/asiainfo/veris-ued/taurus/.happypack/s--1181877354","error":null},"/Users/warp_drive/Documents/projects/asiainfo/veris-ued/taurus/src/examples/busi-component-demo/common/constant.js":{"mtime":1478857685000,"compiledPath":"/Users/warp_drive/Documents/projects/asiainfo/veris-ued/taurus/.happypack/s-800060789","error":null},"/Users/warp_drive/Documents/projects/asiainfo/veris-ued/taurus/src/examples/busi-component-demo/common/utils.js":{"mtime":1478857685000,"compiledPath":"/Users/warp_drive/Documents/projects/asiainfo/veris-ued/taurus/.happypack/s-853074244","error":null},"/Users/warp_drive/Documents/projects/asiainfo/veris-ued/taurus/src/components/amcharts/mixins.js":{"mtime":1477654738000,"compiledPath":"/Users/warp_drive/Documents/projects/asiainfo/veris-ued/taurus/.happypack/s-290407544","error":null},"/Users/warp_drive/Documents/projects/asiainfo/veris-ued/taurus/src/components/popup/_index.js":{"mtime":1477572478000,"compiledPath":"/Users/warp_drive/Documents/projects/asiainfo/veris-ued/taurus/.happypack/s-1810412128","error":null},"/Users/warp_drive/Documents/projects/asiainfo/veris-ued/taurus/src/examples/busi-component-demo/common/interface.js":{"mtime":1478857685000,"compiledPath":"/Users/warp_drive/Documents/projects/asiainfo/veris-ued/taurus/.happypack/s-524605628","error":null},"/Users/warp_drive/Documents/projects/asiainfo/veris-ued/taurus/src/components/popup/popup-manager.js":{"mtime":1477572478000,"compiledPath":"/Users/warp_drive/Documents/projects/asiainfo/veris-ued/taurus/.happypack/s-1806259791","error":null},"/Users/warp_drive/Documents/projects/asiainfo/veris-ued/taurus/src/components/amcharts/bars.vue":{"mtime":1477558044000,"compiledPath":"/Users/warp_drive/Documents/projects/asiainfo/veris-ued/taurus/.happypack/s-867808037","error":null},"/Users/warp_drive/Documents/projects/asiainfo/veris-ued/taurus/src/components/amcharts/gauge.vue":{"mtime":1477558044000,"compiledPath":"/Users/warp_drive/Documents/projects/asiainfo/veris-ued/taurus/.happypack/s--1242448156","error":null},"/Users/warp_drive/Documents/projects/asiainfo/veris-ued/taurus/src/components/amcharts/doughnut.vue":{"mtime":1477558044000,"compiledPath":"/Users/warp_drive/Documents/projects/asiainfo/veris-ued/taurus/.happypack/s--1946538777","error":null},"/Users/warp_drive/Documents/projects/asiainfo/veris-ued/taurus/src/components/amcharts/line.vue":{"mtime":1477558044000,"compiledPath":"/Users/warp_drive/Documents/projects/asiainfo/veris-ued/taurus/.happypack/s--501308839","error":null},"/Users/warp_drive/Documents/projects/asiainfo/veris-ued/taurus/src/components/autocomplete/autocomplete.vue":{"mtime":1478851106000,"compiledPath":"/Users/warp_drive/Documents/projects/asiainfo/veris-ued/taurus/.happypack/s--680985018","error":null},"/Users/warp_drive/Documents/projects/asiainfo/veris-ued/taurus/src/components/breadcrumbs/breadcrumbs.vue":{"mtime":1477558044000,"compiledPath":"/Users/warp_drive/Documents/projects/asiainfo/veris-ued/taurus/.happypack/s--929592216","error":null},"/Users/warp_drive/Documents/projects/asiainfo/veris-ued/taurus/src/components/box-group/box-group.vue":{"mtime":1480472941000,"compiledPath":"/Users/warp_drive/Documents/projects/asiainfo/veris-ued/taurus/.happypack/s--111233726","error":null},"/Users/warp_drive/Documents/projects/asiainfo/veris-ued/taurus/src/components/date-picker/date-picker.vue":{"mtime":1480472819000,"compiledPath":"/Users/warp_drive/Documents/projects/asiainfo/veris-ued/taurus/.happypack/s--1546817182","error":null},"/Users/warp_drive/Documents/projects/asiainfo/veris-ued/taurus/src/components/button/button.vue":{"mtime":1477558045000,"compiledPath":"/Users/warp_drive/Documents/projects/asiainfo/veris-ued/taurus/.happypack/s-1896218310","error":null},"/Users/warp_drive/Documents/projects/asiainfo/veris-ued/taurus/src/components/dropdown/select-dropdown.vue":{"mtime":1478225888000,"compiledPath":"/Users/warp_drive/Documents/projects/asiainfo/veris-ued/taurus/.happypack/s--65282051","error":null},"/Users/warp_drive/Documents/projects/asiainfo/veris-ued/taurus/src/components/dropdown/subscription-dropdown.vue":{"mtime":1479089327000,"compiledPath":"/Users/warp_drive/Documents/projects/asiainfo/veris-ued/taurus/.happypack/s-2140795708","error":null},"/Users/warp_drive/Documents/projects/asiainfo/veris-ued/taurus/src/components/modal/alert.vue":{"mtime":1477558044000,"compiledPath":"/Users/warp_drive/Documents/projects/asiainfo/veris-ued/taurus/.happypack/s--546741295","error":null},"/Users/warp_drive/Documents/projects/asiainfo/veris-ued/taurus/src/components/modal/confirm.vue":{"mtime":1477572478000,"compiledPath":"/Users/warp_drive/Documents/projects/asiainfo/veris-ued/taurus/.happypack/s-916810741","error":null},"/Users/warp_drive/Documents/projects/asiainfo/veris-ued/taurus/src/components/popup/popup.vue":{"mtime":1477572478000,"compiledPath":"/Users/warp_drive/Documents/projects/asiainfo/veris-ued/taurus/.happypack/s-990144096","error":null},"/Users/warp_drive/Documents/projects/asiainfo/veris-ued/taurus/src/components/modal/modal.vue":{"mtime":1477572478000,"compiledPath":"/Users/warp_drive/Documents/projects/asiainfo/veris-ued/taurus/.happypack/s--1209482078","error":null},"/Users/warp_drive/Documents/projects/asiainfo/veris-ued/taurus/src/components/pager/pager.vue":{"mtime":1478248262000,"compiledPath":"/Users/warp_drive/Documents/projects/asiainfo/veris-ued/taurus/.happypack/s--2023927730","error":null},"/Users/warp_drive/Documents/projects/asiainfo/veris-ued/taurus/src/components/number-stepper/number-stepper.vue":{"mtime":1478137061000,"compiledPath":"/Users/warp_drive/Documents/projects/asiainfo/veris-ued/taurus/.happypack/s-366037606","error":null},"/Users/warp_drive/Documents/projects/asiainfo/veris-ued/taurus/src/components/search-filter/search-filter.vue":{"mtime":1478851106000,"compiledPath":"/Users/warp_drive/Documents/projects/asiainfo/veris-ued/taurus/.happypack/s-424340930","error":null},"/Users/warp_drive/Documents/projects/asiainfo/veris-ued/taurus/src/components/speech-bubble/speech-bubble.vue":{"mtime":1479202067000,"compiledPath":"/Users/warp_drive/Documents/projects/asiainfo/veris-ued/taurus/.happypack/s--600965258","error":null},"/Users/warp_drive/Documents/projects/asiainfo/veris-ued/taurus/src/components/range-slider/range-slider.vue":{"mtime":1477664247000,"compiledPath":"/Users/warp_drive/Documents/projects/asiainfo/veris-ued/taurus/.happypack/s--1196985114","error":null},"/Users/warp_drive/Documents/projects/asiainfo/veris-ued/taurus/src/components/speech-bubble/speech-bubble-filter-tree.vue":{"mtime":1478261537000,"compiledPath":"/Users/warp_drive/Documents/projects/asiainfo/veris-ued/taurus/.happypack/s-1249326588","error":null},"/Users/warp_drive/Documents/projects/asiainfo/veris-ued/taurus/src/components/select/select.vue":{"mtime":1479202067000,"compiledPath":"/Users/warp_drive/Documents/projects/asiainfo/veris-ued/taurus/.happypack/s-810051462","error":null},"/Users/warp_drive/Documents/projects/asiainfo/veris-ued/taurus/src/components/tabs/tabs.vue":{"mtime":1477558044000,"compiledPath":"/Users/warp_drive/Documents/projects/asiainfo/veris-ued/taurus/.happypack/s-2093416710","error":null},"/Users/warp_drive/Documents/projects/asiainfo/veris-ued/taurus/src/components/speech-bubble/speech-bubble-filter.vue":{"mtime":1478851106000,"compiledPath":"/Users/warp_drive/Documents/projects/asiainfo/veris-ued/taurus/.happypack/s-1781566303","error":null},"/Users/warp_drive/Documents/projects/asiainfo/veris-ued/taurus/src/components/tabs/flat-tabs.vue":{"mtime":1480472819000,"compiledPath":"/Users/warp_drive/Documents/projects/asiainfo/veris-ued/taurus/.happypack/s-1255440122","error":null},"/Users/warp_drive/Documents/projects/asiainfo/veris-ued/taurus/src/components/status-message/status-message.vue":{"mtime":1478931498000,"compiledPath":"/Users/warp_drive/Documents/projects/asiainfo/veris-ued/taurus/.happypack/s--1428750202","error":null},"/Users/warp_drive/Documents/projects/asiainfo/veris-ued/taurus/src/components/loading/loading.vue":{"mtime":1478586359000,"compiledPath":"/Users/warp_drive/Documents/projects/asiainfo/veris-ued/taurus/.happypack/s-313429184","error":null},"/Users/warp_drive/Documents/projects/asiainfo/veris-ued/taurus/src/components/tabs/dynamic-tabs.vue":{"mtime":1477654738000,"compiledPath":"/Users/warp_drive/Documents/projects/asiainfo/veris-ued/taurus/.happypack/s-743901908","error":null},"/Users/warp_drive/Documents/projects/asiainfo/veris-ued/taurus/src/components/simple-table/simple-table.vue":{"mtime":1477654738000,"compiledPath":"/Users/warp_drive/Documents/projects/asiainfo/veris-ued/taurus/.happypack/s--1982908378","error":null},"/Users/warp_drive/Documents/projects/asiainfo/veris-ued/taurus/src/components/video/video-player.vue":{"mtime":1477654738000,"compiledPath":"/Users/warp_drive/Documents/projects/asiainfo/veris-ued/taurus/.happypack/s-1552557312","error":null},"/Users/warp_drive/Documents/projects/asiainfo/veris-ued/taurus/src/components/overlay/overlay.vue":{"mtime":1477572478000,"compiledPath":"/Users/warp_drive/Documents/projects/asiainfo/veris-ued/taurus/.happypack/s--999970072","error":null},"/Users/warp_drive/Documents/projects/asiainfo/veris-ued/taurus/src/components/switcher/switcher.vue":{"mtime":1477978995000,"compiledPath":"/Users/warp_drive/Documents/projects/asiainfo/veris-ued/taurus/.happypack/s--30646042","error":null},"/Users/warp_drive/Documents/projects/asiainfo/veris-ued/taurus/src/directives/tooltips/tooltip.vue":{"mtime":1477661392000,"compiledPath":"/Users/warp_drive/Documents/projects/asiainfo/veris-ued/taurus/.happypack/s--994175793","error":null},"/Users/warp_drive/Documents/projects/asiainfo/veris-ued/taurus/src/examples/busi-component-demo/common/select-user.vue":{"mtime":1478857685000,"compiledPath":"/Users/warp_drive/Documents/projects/asiainfo/veris-ued/taurus/.happypack/s--4146378","error":null},"/Users/warp_drive/Documents/projects/asiainfo/veris-ued/taurus/src/components/data-table/data-table.vue":{"mtime":1480472819000,"compiledPath":"/Users/warp_drive/Documents/projects/asiainfo/veris-ued/taurus/.happypack/s-130489254","error":null},"/Users/warp_drive/Documents/projects/asiainfo/veris-ued/taurus/src/directives/collapse/collapse.vue":{"mtime":1477572478000,"compiledPath":"/Users/warp_drive/Documents/projects/asiainfo/veris-ued/taurus/.happypack/s--626934060","error":null},"/Users/warp_drive/Documents/projects/asiainfo/veris-ued/taurus/src/examples/busi-component-demo/common/agent-form.vue":{"mtime":1478857685000,"compiledPath":"/Users/warp_drive/Documents/projects/asiainfo/veris-ued/taurus/.happypack/s-379725378","error":null}}}