{"context":{"loaders":[{"path":"/Users/warp_drive/Documents/projects/asiainfo/veris-ued/taurus/node_modules/vue-loader/index.js"}],"external":{}},"mtimes":{"/Users/warp_drive/Documents/projects/asiainfo/veris-ued/taurus/src/components/amcharts/bars.vue":{"mtime":1477558044000,"compiledPath":"/Users/warp_drive/Documents/projects/asiainfo/veris-ued/taurus/.happypack/s-867808037","error":null},"/Users/warp_drive/Documents/projects/asiainfo/veris-ued/taurus/src/components/autocomplete/autocomplete.vue":{"mtime":1478851106000,"compiledPath":"/Users/warp_drive/Documents/projects/asiainfo/veris-ued/taurus/.happypack/s--680985018","error":null},"/Users/warp_drive/Documents/projects/asiainfo/veris-ued/taurus/src/components/amcharts/line.vue":{"mtime":1477558044000,"compiledPath":"/Users/warp_drive/Documents/projects/asiainfo/veris-ued/taurus/.happypack/s--501308839","error":null},"/Users/warp_drive/Documents/projects/asiainfo/veris-ued/taurus/src/components/amcharts/gauge.vue":{"mtime":1477558044000,"compiledPath":"/Users/warp_drive/Documents/projects/asiainfo/veris-ued/taurus/.happypack/s--1242448156","error":null},"/Users/warp_drive/Documents/projects/asiainfo/veris-ued/taurus/src/components/breadcrumbs/breadcrumbs.vue":{"mtime":1477558044000,"compiledPath":"/Users/warp_drive/Documents/projects/asiainfo/veris-ued/taurus/.happypack/s--929592216","error":null},"/Users/warp_drive/Documents/projects/asiainfo/veris-ued/taurus/src/components/dropdown/subscription-dropdown.vue":{"mtime":1479089327000,"compiledPath":"/Users/warp_drive/Documents/projects/asiainfo/veris-ued/taurus/.happypack/s-2140795708","error":null},"/Users/warp_drive/Documents/projects/asiainfo/veris-ued/taurus/src/components/amcharts/doughnut.vue":{"mtime":1477558044000,"compiledPath":"/Users/warp_drive/Documents/projects/asiainfo/veris-ued/taurus/.happypack/s--1946538777","error":null},"/Users/warp_drive/Documents/projects/asiainfo/veris-ued/taurus/src/components/button/button.vue":{"mtime":1477558045000,"compiledPath":"/Users/warp_drive/Documents/projects/asiainfo/veris-ued/taurus/.happypack/s-1896218310","error":null},"/Users/warp_drive/Documents/projects/asiainfo/veris-ued/taurus/src/components/modal/alert.vue":{"mtime":1477558044000,"compiledPath":"/Users/warp_drive/Documents/projects/asiainfo/veris-ued/taurus/.happypack/s--546741295","error":null},"/Users/warp_drive/Documents/projects/asiainfo/veris-ued/taurus/src/components/number-stepper/number-stepper.vue":{"mtime":1478137061000,"compiledPath":"/Users/warp_drive/Documents/projects/asiainfo/veris-ued/taurus/.happypack/s-366037606","error":null},"/Users/warp_drive/Documents/projects/asiainfo/veris-ued/taurus/src/components/select/select.vue":{"mtime":1479202067000,"compiledPath":"/Users/warp_drive/Documents/projects/asiainfo/veris-ued/taurus/.happypack/s-810051462","error":null},"/Users/warp_drive/Documents/projects/asiainfo/veris-ued/taurus/src/components/popup/popup.vue":{"mtime":1477572478000,"compiledPath":"/Users/warp_drive/Documents/projects/asiainfo/veris-ued/taurus/.happypack/s-990144096","error":null},"/Users/warp_drive/Documents/projects/asiainfo/veris-ued/taurus/src/components/search-filter/search-filter.vue":{"mtime":1478851106000,"compiledPath":"/Users/warp_drive/Documents/projects/asiainfo/veris-ued/taurus/.happypack/s-424340930","error":null},"/Users/warp_drive/Documents/projects/asiainfo/veris-ued/taurus/src/components/speech-bubble/speech-bubble-filter.vue":{"mtime":1478851106000,"compiledPath":"/Users/warp_drive/Documents/projects/asiainfo/veris-ued/taurus/.happypack/s-1781566303","error":null},"/Users/warp_drive/Documents/projects/asiainfo/veris-ued/taurus/src/components/speech-bubble/speech-bubble-filter-tree.vue":{"mtime":1478261537000,"compiledPath":"/Users/warp_drive/Documents/projects/asiainfo/veris-ued/taurus/.happypack/s-1249326588","error":null},"/Users/warp_drive/Documents/projects/asiainfo/veris-ued/taurus/src/components/video/video-player.vue":{"mtime":1477654738000,"compiledPath":"/Users/warp_drive/Documents/projects/asiainfo/veris-ued/taurus/.happypack/s-1552557312","error":null},"/Users/warp_drive/Documents/projects/asiainfo/veris-ued/taurus/src/components/box-group/box-group.vue":{"mtime":1480472941000,"compiledPath":"/Users/warp_drive/Documents/projects/asiainfo/veris-ued/taurus/.happypack/s--111233726","error":null},"/Users/warp_drive/Documents/projects/asiainfo/veris-ued/taurus/src/components/dropdown/select-dropdown.vue":{"mtime":1478225888000,"compiledPath":"/Users/warp_drive/Documents/projects/asiainfo/veris-ued/taurus/.happypack/s--65282051","error":null},"/Users/warp_drive/Documents/projects/asiainfo/veris-ued/taurus/src/components/tabs/flat-tabs.vue":{"mtime":1480472819000,"compiledPath":"/Users/warp_drive/Documents/projects/asiainfo/veris-ued/taurus/.happypack/s-1255440122","error":null},"/Users/warp_drive/Documents/projects/asiainfo/veris-ued/taurus/src/components/simple-table/simple-table.vue":{"mtime":1477654738000,"compiledPath":"/Users/warp_drive/Documents/projects/asiainfo/veris-ued/taurus/.happypack/s--1982908378","error":null},"/Users/warp_drive/Documents/projects/asiainfo/veris-ued/taurus/src/components/modal/modal.vue":{"mtime":1477572478000,"compiledPath":"/Users/warp_drive/Documents/projects/asiainfo/veris-ued/taurus/.happypack/s--1209482078","error":null},"/Users/warp_drive/Documents/projects/asiainfo/veris-ued/taurus/src/components/date-picker/date-picker.vue":{"mtime":1480472819000,"compiledPath":"/Users/warp_drive/Documents/projects/asiainfo/veris-ued/taurus/.happypack/s--1546817182","error":null},"/Users/warp_drive/Documents/projects/asiainfo/veris-ued/taurus/src/components/modal/confirm.vue":{"mtime":1477572478000,"compiledPath":"/Users/warp_drive/Documents/projects/asiainfo/veris-ued/taurus/.happypack/s-916810741","error":null},"/Users/warp_drive/Documents/projects/asiainfo/veris-ued/taurus/src/components/range-slider/range-slider.vue":{"mtime":1477664247000,"compiledPath":"/Users/warp_drive/Documents/projects/asiainfo/veris-ued/taurus/.happypack/s--1196985114","error":null},"/Users/warp_drive/Documents/projects/asiainfo/veris-ued/taurus/src/components/status-message/status-message.vue":{"mtime":1478931498000,"compiledPath":"/Users/warp_drive/Documents/projects/asiainfo/veris-ued/taurus/.happypack/s--1428750202","error":null},"/Users/warp_drive/Documents/projects/asiainfo/veris-ued/taurus/src/components/data-table/data-table.vue":{"mtime":1480472819000,"compiledPath":"/Users/warp_drive/Documents/projects/asiainfo/veris-ued/taurus/.happypack/s-130489254","error":null},"/Users/warp_drive/Documents/projects/asiainfo/veris-ued/taurus/src/components/pager/pager.vue":{"mtime":1478248262000,"compiledPath":"/Users/warp_drive/Documents/projects/asiainfo/veris-ued/taurus/.happypack/s--2023927730","error":null},"/Users/warp_drive/Documents/projects/asiainfo/veris-ued/taurus/src/components/speech-bubble/speech-bubble.vue":{"mtime":1479202067000,"compiledPath":"/Users/warp_drive/Documents/projects/asiainfo/veris-ued/taurus/.happypack/s--600965258","error":null},"/Users/warp_drive/Documents/projects/asiainfo/veris-ued/taurus/src/components/tabs/tabs.vue":{"mtime":1477558044000,"compiledPath":"/Users/warp_drive/Documents/projects/asiainfo/veris-ued/taurus/.happypack/s-2093416710","error":null},"/Users/warp_drive/Documents/projects/asiainfo/veris-ued/taurus/src/components/loading/loading.vue":{"mtime":1478586359000,"compiledPath":"/Users/warp_drive/Documents/projects/asiainfo/veris-ued/taurus/.happypack/s-313429184","error":null},"/Users/warp_drive/Documents/projects/asiainfo/veris-ued/taurus/src/directives/collapse/collapse.vue":{"mtime":1477572478000,"compiledPath":"/Users/warp_drive/Documents/projects/asiainfo/veris-ued/taurus/.happypack/s--626934060","error":null},"/Users/warp_drive/Documents/projects/asiainfo/veris-ued/taurus/src/components/tabs/dynamic-tabs.vue":{"mtime":1477654738000,"compiledPath":"/Users/warp_drive/Documents/projects/asiainfo/veris-ued/taurus/.happypack/s-743901908","error":null},"/Users/warp_drive/Documents/projects/asiainfo/veris-ued/taurus/src/components/switcher/switcher.vue":{"mtime":1477978995000,"compiledPath":"/Users/warp_drive/Documents/projects/asiainfo/veris-ued/taurus/.happypack/s--30646042","error":null},"/Users/warp_drive/Documents/projects/asiainfo/veris-ued/taurus/src/directives/tooltips/tooltip.vue":{"mtime":1477661392000,"compiledPath":"/Users/warp_drive/Documents/projects/asiainfo/veris-ued/taurus/.happypack/s--994175793","error":null},"/Users/warp_drive/Documents/projects/asiainfo/veris-ued/taurus/src/components/box-group/checkbox.vue":{"mtime":1480472959000,"compiledPath":"/Users/warp_drive/Documents/projects/asiainfo/veris-ued/taurus/.happypack/s-693360142","error":null},"/Users/warp_drive/Documents/projects/asiainfo/veris-ued/taurus/src/components/box-group/radiobox.vue":{"mtime":1480472963000,"compiledPath":"/Users/warp_drive/Documents/projects/asiainfo/veris-ued/taurus/.happypack/s--1353613381","error":null},"/Users/warp_drive/Documents/projects/asiainfo/veris-ued/taurus/src/components/box-group/checkbox-filter.vue":{"mtime":1480472955000,"compiledPath":"/Users/warp_drive/Documents/projects/asiainfo/veris-ued/taurus/.happypack/s--492791353","error":null},"/Users/warp_drive/Documents/projects/asiainfo/veris-ued/taurus/src/components/overlay/overlay.vue":{"mtime":1477572478000,"compiledPath":"/Users/warp_drive/Documents/projects/asiainfo/veris-ued/taurus/.happypack/s--999970072","error":null},"/Users/warp_drive/Documents/projects/asiainfo/veris-ued/taurus/src/examples/busi-component-demo/common/select-user.vue":{"mtime":1478857685000,"compiledPath":"/Users/warp_drive/Documents/projects/asiainfo/veris-ued/taurus/.happypack/s--4146378","error":null},"/Users/warp_drive/Documents/projects/asiainfo/veris-ued/taurus/src/examples/busi-component-demo/common/agent-form.vue":{"mtime":1478857685000,"compiledPath":"/Users/warp_drive/Documents/projects/asiainfo/veris-ued/taurus/.happypack/s-379725378","error":null}}}